{"schemaVersion":"1.0","appDefinitionTemplate":{"id":"/providers/Microsoft.PowerApps/apps/","type":"Microsoft.PowerApps/apps","tags":{"primaryDeviceWidth":"1366","primaryDeviceHeight":"768","supportsPortrait":"true","supportsLandscape":"true","primaryFormFactor":"Tablet","publisherVersion":"3.23091.14","minimumRequiredApiVersion":"2.2.0","hasComponent":"true","hasUnlockedComponent":"true","isUnifiedRootApp":"false","showStatusBar":"false","sienaVersion":"20230922T134959Z-3.23091.14.0"},"properties":{"appVersion":"2023-09-22T13:49:59Z","lifeCycleId":"Published","createdByClientVersion":{"major":3,"minor":23091,"build":14,"revision":0,"majorRevision":0,"minorRevision":0},"minClientVersion":{"major":3,"minor":23091,"build":14,"revision":0,"majorRevision":0,"minorRevision":0},"backgroundColor":"RGBA(0,176,240,1)","backgroundImageUri":"/10281691304038210569/Nb476a91f-ecfe-4457-83d3-d61c10eae182-logoSmallFile","displayName":"Trainamentos EHS","description":"","commitMessage":"","appUris":{"documentUri":{"value":"/10281691304038210569/N62bcda60-b7c3-475f-b368-4d89a52e309f-document.msapp"},"imageUris":[],"additionalUris":[]},"createdTime":"0001-01-01T00:00:00Z","lastModifiedTime":"0001-01-01T00:00:00Z","sharedGroupsCount":0,"sharedUsersCount":0,"connectionReferences":{"82396562-85fa-49f5-9fcd-7950ff7d8cda":{"id":"df250af3-9bac-4cd2-a2b3-f098a2aed395","displayName":"SharePoint","iconUri":"https://connectoricons-prod.azureedge.net/releases/v1.0.1654/1.0.1654.3414/sharepointonline/icon.png","dataSources":["GT_Colaboradores","GT_GruposTreinamentos","GT_Registros_Treinamentos","GT_Treinamentos","GT_TabJ_Pessoas_Treinamentos","GT_TABJ_GRUPOS_TREINAMENTOS","GT_TABJ_Grupos_Colaboradores"],"dependencies":[],"dependents":[],"parameterHints":{},"parameterHintsV2":{},"isOnPremiseConnection":false,"bypassConsent":false,"dataSets":{"https://rockwellautomation.sharepoint.com/teams/OESOPJUN/EHSS":{"dataSources":{"GT_Colaboradores":{"tableName":"2d2ab661-a5c2-42ee-97f2-3d02a3e8a16e"},"GT_GruposTreinamentos":{"tableName":"b772736a-214a-45e5-b6cd-1279712f0d20"},"GT_Registros_Treinamentos":{"tableName":"dc007777-2fca-4b42-bf18-9172023f8e3a"},"GT_Treinamentos":{"tableName":"b360e648-96e8-41fc-a667-69bbed2dfaf4"},"GT_TabJ_Pessoas_Treinamentos":{"tableName":"8d302d78-fe83-4783-839a-d09ce4c2ef25"},"GT_TABJ_GRUPOS_TREINAMENTOS":{"tableName":"14a3e44a-1dee-468b-96a3-caf9b90323a0"},"GT_TABJ_Grupos_Colaboradores":{"tableName":"9c5777f7-f5f4-467d-b425-a995d75abd7a"}}}},"apiTier":"Standard","isCustomApiConnection":false,"actions":["providers/PowerPlatform.Governance/Operations/Read","providers/PowerPlatform.Governance/Operations/Write","providers/PowerPlatform.Governance/Operations/Delete"]}},"databaseReferences":{},"almMode":"Solution","performanceOptimizationEnabled":true,"canConsumeAppPass":true,"enableModernRuntimeMode":false,"executionRestrictions":{"isTeamsOnly":false,"dataLossPreventionEvaluationResult":{"status":"Compliant","lastEvaluationDate":"2023-07-17T18:42:58.9244391Z","violations":[],"violationsByPolicy":[],"violationErrorMessage":"The app uses the following connectors: ."}}},"appType":"ClassicCanvasApp","appComponents":[]}}